{
  "generator-jhipster": {
    "applicationType": "monolith",
    "authenticationType": "jwt",
    "baseName": "jhipsterSampleApplication",
    "blueprints": [],
    "buildTool": "maven",
    "cacheProvider": "ehcache",
    "clientFramework": "angular",
    "clientPackageManager": "npm",
    "creationTimestamp": 1709265630072,
    "databaseType": "sql",
    "devDatabaseType": "h2Disk",
    "devServerPort": 4200,
    "enableHibernateCache": true,
    "enableSwaggerCodegen": false,
    "enableTranslation": true,
    "entities": [],
    "gitCompany": "",
    "jhiPrefix": "jhi",
    "jhipsterVersion": "8.1.0",
    "jwtSecretKey": "MjY5M2IxY2Q1NGMzZTk0MTBjN2ZjZTRhNjk3MTdjOTg2ZTE4MzhmMDhjOTI4OGYzMGM3YTNmY2E3NGU4M2E5Mjc2N2VjZDRmNTBmOGJmNDg5ZWRkYzY0ZDMwNjUxM2E3MWE4ZmU0ZjRjNjcwNDIzOGFiYzRlYzg1YzQyYzU0ZWE=",
    "languages": ["en"],
    "messageBroker": false,
    "nativeLanguage": "en",
    "packageFolder": "com/mycompany/myapp",
    "packageName": "com.mycompany.myapp",
    "prodDatabaseType": "postgresql",
    "searchEngine": false,
    "serverPort": 8080,
    "serviceDiscoveryType": false,
    "testFrameworks": [],
    "useSass": true,
    "websocket": false,
    "withAdminUi": true
  }
}
